{
    "status": "success",
    "items": [
        {
            "id": 1,
            "title": "Salomon XT-6 Triple Black",
            "price": 190,
            "image": "https://images.stockx.com/images/Salomon-S-Lab-XT-6-Adv-Triple-Black-Product.jpg?fit=fill&bg=FFFFFF&w=700&h=500&fm=webp&auto=compress&trim=color&q=90&dpr=2&updated_at=1644224898",
            "category": "Salomon",
            "stock": 22
        },
        {
            "id": 2,
            "title": "Salomon XT-6 White Lunar Rock",
            "price": 190,
            "image": "https://images.stockx.com/images/Salomon-XT-6-ADV-White-Lunar-Rock-Product.jpg?fit=fill&bg=FFFFFF&w=700&h=500&fm=webp&auto=compress&trim=color&q=90&dpr=2&updated_at=1662705198",
            "category": "Salomon",
            "stock": 4
        },
        {
            "id": 3,
            "title": "Salomon XT-6 Expanse Sandy Liang (Women's)",
            "price": 175,
            "image": "https://images.stockx.com/images/Salomon-XT-6-Expanse-Sandy-Liang-Womens-Product.jpg?fit=fill&bg=FFFFFF&w=700&h=500&fm=webp&auto=compress&trim=color&q=90&dpr=2&updated_at=1683876644",
            "category": "Salomon",
            "stock": 19
        },
        {
            "id": 4,
            "title": "Salomon ACS Pro Vanilla Ice Lunar Rock",
            "price": 230,
            "image": "https://images.stockx.com/images/Salomon-ACS-Pro-Vanilla-Ice-Lunar-Rock.jpg?fit=fill&bg=FFFFFF&w=700&h=500&fm=webp&auto=compress&trim=color&q=90&dpr=2&updated_at=1674742641",
            "category": "Salomon",
            "stock": 48
        },
        {
            "id": 5,
            "title": "Salomon RX Moc 3.0 Sandy Liang (Women's)",
            "price": 95,
            "image": "https://images.stockx.com/images/Salomon-RX-Moc-30-Sandy-Liang-Womens-Product.jpg?fit=fill&bg=FFFFFF&w=700&h=500&fm=webp&auto=compress&trim=color&q=90&dpr=2&updated_at=1683876600",
            "category": "Salomon",
            "stock": 8
        },
        {
            "id": 6,
            "title": "Salomon XT-6 Gore-Tex Black Lunar Rock",
            "price": 200,
            "image": "https://images.stockx.com/images/Salomon-XT-6-Gore-Tex-Black-Lunar-Rock-Product.jpg?fit=fill&bg=FFFFFF&w=700&h=500&fm=webp&auto=compress&trim=color&q=90&dpr=2&updated_at=1666331187",
            "category": "Salomon",
            "stock": 48
        },
        {
            "id": 7,
            "title": "Salomon ACS Pro Black",
            "price": 230,
            "image": "https://images.stockx.com/images/Salomon-ACS-Pro-Black-Product.jpg?fit=fill&bg=FFFFFF&w=700&h=500&fm=webp&auto=compress&trim=color&q=90&dpr=2&updated_at=1676277362",
            "category": "Salomon",
            "stock": 11
        },
        {
            "id": 8,
            "title": "Salomon XT-6 RECUT Wren Kangaroo",
            "price": 200,
            "image": "https://images.stockx.com/images/Salomon-XT-6-RECUT-Wren-Kangaroo-Product.jpg?fit=fill&bg=FFFFFF&w=700&h=500&fm=webp&auto=compress&trim=color&q=90&dpr=2&updated_at=1675275092",
            "category": "Salomon",
            "stock": 4
        },
        {
            "id": 9,
            "title": "Salomon XT-6 Black Green Lime",
            "price": 190,
            "image": "https://images.stockx.com/images/Salomon-XT-6-Black-Green-Lime-Product.jpg?fit=fill&bg=FFFFFF&w=700&h=500&fm=webp&auto=compress&trim=color&q=90&dpr=2&updated_at=1673088633",
            "category": "Salomon",
            "stock": 34
        },
        {
            "id": 10,
            "title": "Salomon XT-4 OG Fiery Red Empire Yellow",
            "price": 220,
            "image": "https://images.stockx.com/images/Salomon-XT-4-OG-Fiery-Red-Empire-Yellow.jpg?fit=fill&bg=FFFFFF&w=700&h=500&fm=webp&auto=compress&trim=color&q=90&dpr=2&updated_at=1675790169",
            "category": "Salomon",
            "stock": 48
        },
        {
            "id": 11,
            "title": "Salomon XT-6 RECUT Monument Phantom",
            "price": 200,
            "image": "https://images.stockx.com/images/Salomon-XT-6-RECUT-Monument-Phantom-Product.jpg?fit=fill&bg=FFFFFF&w=700&h=500&fm=webp&auto=compress&trim=color&q=90&dpr=2&updated_at=1675410109",
            "category": "Salomon",
            "stock": 48
        },
        {
            "id": 12,
            "title": "Salomon ACS Pro Advanced Safari",
            "price": 230,
            "image": "https://images.stockx.com/images/Salomon-ACS-Pro-Advanced-Safari-Product.jpg?fit=fill&bg=FFFFFF&w=700&h=500&fm=webp&auto=compress&trim=color&q=90&dpr=2&updated_at=1662705175",
            "category": "Salomon",
            "stock": 38
        },
        {
            "id": 13,
            "title": "Salomon XT-6 Gore-Tex Kith Ponderosa Pine",
            "price": 230,
            "image": "https://images.stockx.com/images/Salomon-XT-6-Gore-Tex-Kith-Ponderosa-Pine-Product.jpg?fit=fill&bg=FFFFFF&w=700&h=500&fm=webp&auto=compress&trim=color&q=90&dpr=2&updated_at=1672213444",
            "category": "Salomon",
            "stock": 10
        },
        {
            "id": 14,
            "title": "Salomon XT-6 Gore-Tex Night Sky China Blue",
            "price": 200,
            "image": "https://images.stockx.com/images/Salomon-XT-6-Gore-Tex-Night-Sky-China-Blue-Product.jpg?fit=fill&bg=FFFFFF&w=700&h=500&fm=webp&auto=compress&trim=color&q=90&dpr=2&updated_at=1673358847",
            "category": "Salomon",
            "stock": 45
        },
        {
            "id": 15,
            "title": "Salomon XT-4 Evening Primrose Mint Leaf",
            "price": 220,
            "image": "https://images.stockx.com/images/Salomon-XT-4-Evening-Primrose-Mint-Leaf.jpg?fit=fill&bg=FFFFFF&w=700&h=500&fm=webp&auto=compress&trim=color&q=90&dpr=2&updated_at=1655883266",
            "category": "Salomon",
            "stock": 4
        },
        {
            "id": 16,
            "title": "Salomon ACS Pro DSM Lunar Rock",
            "price": 220,
            "image": "https://images.stockx.com/images/Salomon-ACS-Pro-DSM-Lunar-Rock.jpg?fit=fill&bg=FFFFFF&w=700&h=500&fm=webp&auto=compress&trim=color&q=90&dpr=2&updated_at=1679036599",
            "category": "Salomon",
            "stock": 23
        },
        {
            "id": 17,
            "title": "Salomon XT-6 Skyline Moonscape",
            "price": 190,
            "image": "https://images.stockx.com/images/Salomon-XT-6-Skyline-Moonscape-Product.jpg?fit=fill&bg=FFFFFF&w=700&h=500&fm=webp&auto=compress&trim=color&q=90&dpr=2&updated_at=1679680409",
            "category": "Salomon",
            "stock": 5
        },
        {
            "id": 18,
            "title": "Salomon XT-4 Advanced Tie-Dye",
            "price": 220,
            "image": "https://images.stockx.com/images/Salomon-XT-4-Advanced-Tie-Dye-Product.jpg?fit=fill&bg=FFFFFF&w=700&h=500&fm=webp&auto=compress&trim=color&q=90&dpr=2&updated_at=1659421195",
            "category": "Salomon",
            "stock": 3
        },
        {
            "id": 19,
            "title": "Salomon XT-6 RECUT Beluga Russet Orange",
            "price": 200,
            "image": "https://images.stockx.com/images/Salomon-XT-6-RECUT-Beluga-Russet-Orange.jpg?fit=fill&bg=FFFFFF&w=700&h=500&fm=webp&auto=compress&trim=color&q=90&dpr=2&updated_at=1673398144",
            "category": "Salomon",
            "stock": 32
        },
        {
            "id": 20,
            "title": "Fila Grant Hill 2 25th Anniversary White",
            "price": 150,
            "image": "https://images.stockx.com/images/Fila-Grant-Hill-2-25th-Anniversary-White-Product.jpg?fit=fill&bg=FFFFFF&w=700&h=500&fm=webp&auto=compress&trim=color&q=90&dpr=2&updated_at=1641565357",
            "category": "Fila",
            "stock": 38
        },
        {
            "id": 21,
            "title": "Fila Disruptor 2 Premium White Navy Red",
            "price": 65,
            "image": "https://images.stockx.com/images/Fila-Disruptor-Premium-2-White-Navy-Red.jpeg?fit=fill&bg=FFFFFF&w=700&h=500&fm=webp&auto=compress&trim=color&q=90&dpr=2&updated_at=1626900572",
            "category": "Fila",
            "stock": 33
        },
        {
            "id": 22,
            "title": "Fila Renno Dragon Ball Super Goku",
            "price": 90,
            "image": "https://images.stockx.com/images/Fila-Renno-Dragon-Ball-Super-Goku.jpg?fit=fill&bg=FFFFFF&w=700&h=500&fm=webp&auto=compress&trim=color&q=90&dpr=2&updated_at=1643938089",
            "category": "Fila",
            "stock": 7
        },
        {
            "id": 23,
            "title": "Fila Grant Hill 2 25th Anniversary Black",
            "price": 150,
            "image": "https://images.stockx.com/images/Fila-Grant-Hill-2-25th-Anniversary-Black.jpg?fit=fill&bg=FFFFFF&w=700&h=500&fm=webp&auto=compress&trim=color&q=90&dpr=2&updated_at=1635277069",
            "category": "Fila",
            "stock": 38
        },
        {
            "id": 24,
            "title": "Fila Grant Hill 2 White Black",
            "price": 120,
            "image": "https://images.stockx.com/images/Fila-Grant-Hill-2-White-Black.jpg?fit=fill&bg=FFFFFF&w=700&h=500&fm=webp&auto=compress&trim=color&q=90&dpr=2&updated_at=1645810296",
            "category": "Fila",
            "stock": 16
        },
        {
            "id": 25,
            "title": "Fila Tennis 88 Biggie Smalls Cream",
            "price": 90,
            "image": "https://images.stockx.com/images/Fila-Tennis-88-Biggie-Smalls-Cream.png?fit=fill&bg=FFFFFF&w=700&h=500&fm=webp&auto=compress&trim=color&q=90&dpr=2&updated_at=1626900795",
            "category": "Fila",
            "stock": 45
        },
        {
            "id": 26,
            "title": "Fila Grant Hill 1 White Navy",
            "price": 110,
            "image": "https://images.stockx.com/images/Fila-Grant-Hill-1-White-Navy.jpg?fit=fill&bg=FFFFFF&w=700&h=500&fm=webp&auto=compress&trim=color&q=90&dpr=2&updated_at=1626900527",
            "category": "Fila",
            "stock": 4
        },
        {
            "id": 27,
            "title": "Fila Original Fitness White Navy Red",
            "price": 60,
            "image": "https://images.stockx.com/images/Fila-Original-Fitness-White-Navy-Red.png?fit=fill&bg=FFFFFF&w=700&h=500&fm=webp&auto=compress&trim=color&q=90&dpr=2&updated_at=1626900681",
            "category": "Fila",
            "stock": 34
        },
        {
            "id": 28,
            "title": "Fila Renno Dragon Ball Super Goku Black",
            "price": 110,
            "image": "https://images.stockx.com/images/Fila-Renno-Dragon-Ball-Super-Goku-Black-Product.jpg?fit=fill&bg=FFFFFF&w=700&h=500&fm=webp&auto=compress&trim=color&q=90&dpr=2&updated_at=1651844506",
            "category": "Fila",
            "stock": 12
        },
        {
            "id": 29,
            "title": "Fila F-13 White Navy Red",
            "price": 75,
            "image": "https://images.stockx.com/images/Fila-F-13-White-Navy-Red.png?fit=fill&bg=FFFFFF&w=700&h=500&fm=webp&auto=compress&trim=color&q=90&dpr=2&updated_at=1626900729",
            "category": "Fila",
            "stock": 43
        },
        {
            "id": 30,
            "title": "Fila 96 White (2019)",
            "price": 120,
            "image": "https://images.stockx.com/images/Fila-96-White-2019-Product.jpg?fit=fill&bg=FFFFFF&w=700&h=500&fm=webp&auto=compress&trim=color&q=90&dpr=2&updated_at=1623257727",
            "category": "Fila",
            "stock": 17
        },
        {
            "id": 31,
            "title": "Fila F-13 Dragon Ball Super Trunks",
            "price": 110,
            "image": "https://images.stockx.com/images/Fila-F-13-Dragon-Ball-Super-Trunks.jpg?fit=fill&bg=FFFFFF&w=700&h=500&fm=webp&auto=compress&trim=color&q=90&dpr=2&updated_at=1649795636",
            "category": "Fila",
            "stock": 14
        },
        {
            "id": 32,
            "title": "Fila Disruptor 2 White (GS)",
            "price": 55,
            "image": "https://images.stockx.com/images/Fila-Disruptor-2-White-GS.jpg?fit=fill&bg=FFFFFF&w=700&h=500&fm=webp&auto=compress&trim=color&q=90&dpr=2&updated_at=1626900589",
            "category": "Fila",
            "stock": 4
        },
        {
            "id": 33,
            "title": "Fila Grant Hill 2 Low 2Pac",
            "price": 198,
            "image": "https://images.stockx.com/images/Fila-Grant-Hill-2-Low-2Pac-Product.jpg?fit=fill&bg=FFFFFF&w=700&h=500&fm=webp&auto=compress&trim=color&q=90&dpr=2&updated_at=1678484305",
            "category": "Fila",
            "stock": 48
        },
        {
            "id": 34,
            "title": "Fila MB Black White",
            "price": 95,
            "image": "https://images.stockx.com/images/Fila-MB-Black-White.jpg?fit=fill&bg=FFFFFF&w=700&h=500&fm=webp&auto=compress&trim=color&q=90&dpr=2&updated_at=1657956083",
            "category": "Fila",
            "stock": 16
        },
        {
            "id": 35,
            "title": "Fila Renno Dragon Ball Super Shenron",
            "price": 110,
            "image": "https://images.stockx.com/images/Fila-Renno-Dragon-Ball-Super-Shenron-Product.jpg?fit=fill&bg=FFFFFF&w=700&h=500&fm=webp&auto=compress&trim=color&q=90&dpr=2&updated_at=1652122217",
            "category": "Fila",
            "stock": 2
        },
        {
            "id": 36,
            "title": "Fila Disruptor 2 White Navy Red",
            "price": 65,
            "image": "https://images.stockx.com/images/Fila-Disruptor-2-White-Navy-Red.png?fit=fill&bg=FFFFFF&w=700&h=500&fm=webp&auto=compress&trim=color&q=90&dpr=2&updated_at=1626900541",
            "category": "Fila",
            "stock": 42
        },
        {
            "id": 37,
            "title": "Fila Grant Hill 1 Sprite",
            "price": 140,
            "image": "https://images.stockx.com/images/Fila-Grant-Hill-1-Sprite.jpg?fit=fill&bg=FFFFFF&w=700&h=500&fm=webp&auto=compress&trim=color&q=90&dpr=2&updated_at=1663002904",
            "category": "Fila",
            "stock": 4
        },
        {
            "id": 38,
            "title": "Fila Tennis 88 Biggie Smalls White",
            "price": 90,
            "image": "https://images.stockx.com/images/Fila-Tennis-88-Biggie-Smalls-White.png?fit=fill&bg=FFFFFF&w=700&h=500&fm=webp&auto=compress&trim=color&q=90&dpr=2&updated_at=1626900682",
            "category": "Fila",
            "stock": 27
        },
        {
            "id": 39,
            "title": "Under Armour Curry Flow 10 Northern Lights (GS)",
            "price": 130,
            "image": "https://images.stockx.com/images/Under-Armour-Curry-Flow-10-Northern-Lights-GS.jpg?fit=fill&bg=FFFFFF&w=700&h=500&fm=webp&auto=compress&trim=color&q=90&dpr=2&updated_at=1672244363",
            "category": "Under Armour",
            "stock": 3
        },
        {
            "id": 40,
            "title": "Under Armour Curry Flow 8 NM Black White",
            "price": 160,
            "image": "https://images.stockx.com/images/Under-Armour-Curry-Flow-8-NM-Black-White-Product.jpg?fit=fill&bg=FFFFFF&w=700&h=500&fm=webp&auto=compress&trim=color&q=90&dpr=2&updated_at=1685987707",
            "category": "Under Armour",
            "stock": 13
        },
        {
            "id": 41,
            "title": "Under Armour Curry 10 Splash Party",
            "price": 160,
            "image": "https://images.stockx.com/images/Under-Armour-Curry-Flow-10-Splash-Party-Product.jpg?fit=fill&bg=FFFFFF&w=700&h=500&fm=webp&auto=compress&trim=color&q=90&dpr=2&updated_at=1686597661",
            "category": "Under Armour",
            "stock": 11
        },
        {
            "id": 42,
            "title": "Under Armour Curry 2 Low Flotro All-Star (2023)",
            "price": 150,
            "image": "https://images.stockx.com/images/Under-Armour-Curry-2-Low-Flotro-All-Star-2023-Product.jpg?fit=fill&bg=FFFFFF&w=700&h=500&fm=webp&auto=compress&trim=color&q=90&dpr=2&updated_at=1679680442",
            "category": "Under Armour",
            "stock": 26
        },
        {
            "id": 43,
            "title": "Under Armour Curry Flow 9 Sesame Street Cookie Monster",
            "price": 160,
            "image": "https://images.stockx.com/images/Under-Armour-Curry-Flow-9-Sesame-Street-Cookie-Monster-Product.jpg?fit=fill&bg=FFFFFF&w=700&h=500&fm=webp&auto=compress&trim=color&q=90&dpr=2&updated_at=1648066449",
            "category": "Under Armour",
            "stock": 31
        },
        {
            "id": 44,
            "title": "Under Armour Curry 10 Sour Patch Kids Sour Then Sweet",
            "price": 160,
            "image": "https://images.stockx.com/images/Under-Armour-Curry-10-Sour-Patch-Kids-Sour-Then-Sweet-Product.jpg?fit=fill&bg=FFFFFF&w=700&h=500&fm=webp&auto=compress&trim=color&q=90&dpr=2&updated_at=1669815164",
            "category": "Under Armour",
            "stock": 27
        },
        {
            "id": 45,
            "title": "Under Armour Curry Flow 10 Northern Lights",
            "price": 160,
            "image": "https://images.stockx.com/images/Under-Armour-Curry-Flow-10-Northern-Lights-Product.jpg?fit=fill&bg=FFFFFF&w=700&h=500&fm=webp&auto=compress&trim=color&q=90&dpr=2&updated_at=1675275112",
            "category": "Under Armour",
            "stock": 16
        },
        {
            "id": 46,
            "title": "Under Armour Curry Flow 9 Warp the Game Day",
            "price": 160,
            "image": "https://images.stockx.com/images/Under-Armour-Curry-Flow-9-Warp-the-Game-Day-Product.jpg?fit=fill&bg=FFFFFF&w=700&h=500&fm=webp&auto=compress&trim=color&q=90&dpr=2&updated_at=1652712673",
            "category": "Under Armour",
            "stock": 13
        },
        {
            "id": 47,
            "title": "Under Armour Curry Flow 10 Iron Sharpens Iron",
            "price": 160,
            "image": "https://images.stockx.com/images/Under-Armour-Curry-Flow-10-Iron-Sharpens-Iron-Product.jpg?fit=fill&bg=FFFFFF&w=700&h=500&fm=webp&auto=compress&trim=color&q=90&dpr=2&updated_at=1675156670",
            "category": "Under Armour",
            "stock": 4
        },
        {
            "id": 48,
            "title": "Under Armour Curry Flow 9 TB Steeltown Gold White",
            "price": 160,
            "image": "https://images.stockx.com/images/Under-Armour-Curry-Flow-9-TB-Steeltown-Gold-White.jpg?fit=fill&bg=FFFFFF&w=700&h=500&fm=webp&auto=compress&trim=color&q=90&dpr=2&updated_at=1665516052",
            "category": "Under Armour",
            "stock": 38
        },
        {
            "id": 49,
            "title": "Under Armour Curry Flow 10 Dub Nation Curryfornia",
            "price": 160,
            "image": "https://images.stockx.com/images/Under-Armour-Curry-Flow-10-Dub-Nation.jpg?fit=fill&bg=FFFFFF&w=700&h=500&fm=webp&auto=compress&trim=color&q=90&dpr=2&updated_at=1674055796",
            "category": "Under Armour",
            "stock": 8
        },
        {
            "id": 50,
            "title": "Under Armour Curry 1 Low Flotro Sour Patch Kids",
            "price": 150,
            "image": "https://images.stockx.com/images/Under-Armour-Curry-1-Low-Flotro-Sour-Patch-Kids-Product.jpg?fit=fill&bg=FFFFFF&w=700&h=500&fm=webp&auto=compress&trim=color&q=90&dpr=2&updated_at=1685044365",
            "category": "Under Armour",
            "stock": 14
        },
        {
            "id": 51,
            "title": "Under Armour Curry Flow 10 Girl Dad",
            "price": 160,
            "image": "https://images.stockx.com/images/Under-Armour-Curry-Flow-10-Girl-Dad.jpg?fit=fill&bg=FFFFFF&w=700&h=500&fm=webp&auto=compress&trim=color&q=90&dpr=2&updated_at=1681150165",
            "category": "Under Armour",
            "stock": 18
        },
        {
            "id": 52,
            "title": "Under Armour Project Rock 4 White Camo",
            "price": 150,
            "image": "https://images.stockx.com/images/Under-Armour-Projet-Rock-4-White-Camo.jpg?fit=fill&bg=FFFFFF&w=700&h=500&fm=webp&auto=compress&trim=color&q=90&dpr=2&updated_at=1676478598",
            "category": "Under Armour",
            "stock": 27
        },
        {
            "id": 53,
            "title": "Under Armour Project Rock 4 Marble",
            "price": 150,
            "image": "https://images.stockx.com/images/Under-Armour-Projet-Rock-4-Marble.jpg?fit=fill&bg=FFFFFF&w=700&h=500&fm=webp&auto=compress&trim=color&q=90&dpr=2&updated_at=1676478609",
            "category": "Under Armour",
            "stock": 25
        },
        {
            "id": 54,
            "title": "Under Armour Curry 4 Flotro Vivid Lilac",
            "price": 140,
            "image": "https://images.stockx.com/images/Under-Armour-Curry-4-Flotro-Vivid-Lilac-Product.jpg?fit=fill&bg=FFFFFF&w=700&h=500&fm=webp&auto=compress&trim=color&q=90&dpr=2&updated_at=1659726756",
            "category": "Under Armour",
            "stock": 14
        },
        {
            "id": 55,
            "title": "Under Armour Curry Flow 9 Sesame Street Elmo",
            "price": 160,
            "image": "https://images.stockx.com/images/Under-Armour-Curry-Flow-9-Sesame-Street-Elmo-Product.jpg?fit=fill&bg=FFFFFF&w=700&h=500&fm=webp&auto=compress&trim=color&q=90&dpr=2&updated_at=1646168637",
            "category": "Under Armour",
            "stock": 42
        },
        {
            "id": 56,
            "title": "Under Armour Curry Flow 9 We Believe",
            "price": 160,
            "image": "https://images.stockx.com/images/Curry-Flow-9-We-Believe-Product.jpg?fit=fill&bg=FFFFFF&w=700&h=500&fm=webp&auto=compress&trim=color&q=90&dpr=2&updated_at=1657781383",
            "category": "Under Armour",
            "stock": 39
        },
        {
            "id": 57,
            "title": "Under Armour Curry Flow 9 For the W",
            "price": 140,
            "image": "https://images.stockx.com/images/Under-Armour-Curry-Flow-9-For-the-W-Product.jpg?fit=fill&bg=FFFFFF&w=700&h=500&fm=webp&auto=compress&trim=color&q=90&dpr=2&updated_at=1685115934",
            "category": "Under Armour",
            "stock": 15
        },
        {
            "id": 58,
            "title": "Under Armour Curry Flow 9 Sesame Street Big Bird",
            "price": 160,
            "image": "https://images.stockx.com/images/Under-Armour-Curry-Flow-9-Sesame-Street-Big-Bird-Product.jpg?fit=fill&bg=FFFFFF&w=700&h=500&fm=webp&auto=compress&trim=color&q=90&dpr=2&updated_at=1639422711",
            "category": "Under Armour",
            "stock": 15
        },
        {
            "id": 59,
            "title": "Vans Knu Skool Black White",
            "price": 75,
            "image": "https://images.stockx.com/images/Vans-Knu-Skool-Black-White-Product.jpg?fit=fill&bg=FFFFFF&w=700&h=500&fm=webp&auto=compress&trim=color&q=90&dpr=2&updated_at=1682496169",
            "category": "Vans",
            "stock": 6
        },
        {
            "id": 60,
            "title": "Vans OG Old Skool LX Gallery Dept. Good Luck",
            "price": 150,
            "image": "https://images.stockx.com/images/Vans-Old-Skool-Gallery-Dept-Good-Luck-Product.jpg?fit=fill&bg=FFFFFF&w=700&h=500&fm=webp&auto=compress&trim=color&q=90&dpr=2&updated_at=1676448954",
            "category": "Vans",
            "stock": 17
        },
        {
            "id": 61,
            "title": "Vans Old Skool Black White",
            "price": 70,
            "image": "https://images.stockx.com/images/Vans-Old-Skool-Black-White-Product.jpg?fit=fill&bg=FFFFFF&w=700&h=500&fm=webp&auto=compress&trim=color&q=90&dpr=2&updated_at=1607043282",
            "category": "Vans",
            "stock": 26
        },
        {
            "id": 62,
            "title": "Vans Sk8-Hi Horror Pack Nightmare on Elm Street Freddy Krueger",
            "price": 80,
            "image": "https://images.stockx.com/images/Vans-Sk8-Hi-Horror-Pack-Nightmare-on-Elm-Street-Freddy-Krueger-Product.jpg?fit=fill&bg=FFFFFF&w=700&h=500&fm=webp&auto=compress&trim=color&q=90&dpr=2&updated_at=1634319476",
            "category": "Vans",
            "stock": 10
        },
        {
            "id": 63,
            "title": "Vans Sk8-Hi Black White",
            "price": 65,
            "image": "https://images.stockx.com/images/Vans-Sk8-Hi-Black-White.png?fit=fill&bg=FFFFFF&w=700&h=500&fm=webp&auto=compress&trim=color&q=90&dpr=2&updated_at=1626898710",
            "category": "Vans",
            "stock": 39
        },
        {
            "id": 64,
            "title": "Vans Slip-On Checkerboard",
            "price": 65,
            "image": "https://images.stockx.com/images/Vans-Slip-On-Checkerboard-2019-Product.jpg?fit=fill&bg=FFFFFF&w=700&h=500&fm=webp&auto=compress&trim=color&q=90&dpr=2&updated_at=1609447153",
            "category": "Vans",
            "stock": 33
        },
        {
            "id": 65,
            "title": "Vans Authentic True White",
            "price": 60,
            "image": "https://images.stockx.com/images/Vans-Authentic-True-White-Product.jpg?fit=fill&bg=FFFFFF&w=700&h=500&fm=webp&auto=compress&trim=color&q=90&dpr=2&updated_at=1620417250",
            "category": "Vans",
            "stock": 34
        },
        {
            "id": 66,
            "title": "Vans Sk8-Hi Horror Pack The Shining",
            "price": 80,
            "image": "https://images.stockx.com/images/Vans-Sk8-Hi-Horror-Pack-The-Shining-Product.jpg?fit=fill&bg=FFFFFF&w=700&h=500&fm=webp&auto=compress&trim=color&q=90&dpr=2&updated_at=1642765706",
            "category": "Vans",
            "stock": 5
        },
        {
            "id": 67,
            "title": "Vans Authentic Golden Coast",
            "price": 55,
            "image": "https://images.stockx.com/images/Vans-Authentic-Golden-Coast-Black-White-Product.jpg?fit=fill&bg=FFFFFF&w=700&h=500&fm=webp&auto=compress&trim=color&q=90&dpr=2&updated_at=1625189004",
            "category": "Vans",
            "stock": 8
        },
        {
            "id": 68,
            "title": "Vans Old Skool Pretty Guardian Sailor Moon Parisian Night",
            "price": 75,
            "image": "https://images.stockx.com/images/Vans-Old-Skool-Pretty-Guardian-Sailor-Moon-Parisian-Night.jpg?fit=fill&bg=FFFFFF&w=700&h=500&fm=webp&auto=compress&trim=color&q=90&dpr=2&updated_at=1655438792",
            "category": "Vans",
            "stock": 46
        },
        {
            "id": 69,
            "title": "Vans Vault Sk8-Hi Reissue LX Palm Angels PAXVAULT Chili Pepper",
            "price": 155,
            "image": "https://images.stockx.com/images/Vans-Sk8-Hi-Palm-Angels-Red-White-Product.jpg?fit=fill&bg=FFFFFF&w=700&h=500&fm=webp&auto=compress&trim=color&q=90&dpr=2&updated_at=1665125067",
            "category": "Vans",
            "stock": 17
        },
        {
            "id": 70,
            "title": "Vans Sk8-Hi True White",
            "price": 65,
            "image": "https://images.stockx.com/images/Vans-Sk8-Hi-True-White-Leather-Product.jpg?fit=fill&bg=FFFFFF&w=700&h=500&fm=webp&auto=compress&trim=color&q=90&dpr=2&updated_at=1626899179",
            "category": "Vans",
            "stock": 37
        },
        {
            "id": 71,
            "title": "Vans Old Skool Supreme Grid White",
            "price": 98,
            "image": "https://images.stockx.com/images/Vans-Old-Skool-Supreme-Grid-White.jpg?fit=fill&bg=FFFFFF&w=700&h=500&fm=webp&auto=compress&trim=color&q=90&dpr=2&updated_at=1609790969",
            "category": "Vans",
            "stock": 45
        },
        {
            "id": 72,
            "title": "Vans Vault Slip-On LX Comme des Garcons White Black",
            "price": 85,
            "image": "https://images.stockx.com/images/Vans-Vault-Slip-On-LX-Comme-des-Garcons-White-Black.jpg?fit=fill&bg=FFFFFF&w=700&h=500&fm=webp&auto=compress&trim=color&q=90&dpr=2&updated_at=1668411684",
            "category": "Vans",
            "stock": 13
        },
        {
            "id": 73,
            "title": "Vans Vault OG Old Skool LX WTAPS Coyote Brown",
            "price": 105,
            "image": "https://images.stockx.com/images/Vans-Old-Skool-LX-WTAPS-Coyote-Brown-Product.jpg?fit=fill&bg=FFFFFF&w=700&h=500&fm=webp&auto=compress&trim=color&q=90&dpr=2&updated_at=1674026994",
            "category": "Vans",
            "stock": 30
        },
        {
            "id": 74,
            "title": "Vans Sk8-Hi One Piece Punk Hazard",
            "price": 105,
            "image": "https://images.stockx.com/images/Vans-Sk8-Hi-One-Piece-Punk-Hazard-Product.jpg?fit=fill&bg=FFFFFF&w=700&h=500&fm=webp&auto=compress&trim=color&q=90&dpr=2&updated_at=1671721905",
            "category": "Vans",
            "stock": 7
        },
        {
            "id": 75,
            "title": "Vans Old Skool Patchwork Pretty Guardian Sailor Moon",
            "price": 75,
            "image": "https://images.stockx.com/images/Vans-Old-Skool-Patchwork-Pretty-Guardian-Sailor-Moon.jpg?fit=fill&bg=FFFFFF&w=700&h=500&fm=webp&auto=compress&trim=color&q=90&dpr=2&updated_at=1655438791",
            "category": "Vans",
            "stock": 42
        },
        {
            "id": 76,
            "title": "Vans Authentic Black White",
            "price": 60,
            "image": "https://images.stockx.com/images/Vans-Authentic-Black-White.png?fit=fill&bg=FFFFFF&w=700&h=500&fm=webp&auto=compress&trim=color&q=90&dpr=2&updated_at=1627415549",
            "category": "Vans",
            "stock": 46
        },
        {
            "id": 77,
            "title": "Vans Old Skool Velcro Black White",
            "price": 100,
            "image": "https://images.stockx.com/images/Vans-Old-Skool-Velcro-Black-White.jpg?fit=fill&bg=FFFFFF&w=700&h=500&fm=webp&auto=compress&trim=color&q=90&dpr=2&updated_at=1607060093",
            "category": "Vans",
            "stock": 4
        },
        {
            "id": 78,
            "title": "Nike Tech Fleece Full Zip Hoodie Heather Grey/Black",
            "price": 130,
            "image": "https://images.stockx.com/images/Nike-Tech-Fleece-Full-Zip-Hoodie-Grey-Product.jpg?fit=fill&bg=FFFFFF&w=700&h=500&fm=webp&auto=compress&trim=color&q=90&dpr=2&updated_at=1658250479",
            "category": "Nike",
            "stock": 18
        },
        {
            "id": 79,
            "title": "Nike Dunk Low Retro White Black Panda (2021)",
            "price": 110,
            "image": "https://images.stockx.com/images/Nike-Dunk-Low-Retro-White-Black-2021-Product.jpg?fit=fill&bg=FFFFFF&w=700&h=500&fm=webp&auto=compress&trim=color&q=90&dpr=2&updated_at=1633027409",
            "category": "Nike",
            "stock": 9
        },
        {
            "id": 80,
            "title": "Nike Dunk Low Retro White Black Panda (2021) (Women's)",
            "price": 100,
            "image": "https://images.stockx.com/images/Nike-Dunk-Low-White-Black-2021-W-Product.jpg?fit=fill&bg=FFFFFF&w=700&h=500&fm=webp&auto=compress&trim=color&q=90&dpr=2&updated_at=1611766850",
            "category": "Nike",
            "stock": 13
        },
        {
            "id": 81,
            "title": "Nike Dunk Low Retro White Black Panda (2021) (GS)",
            "price": 85,
            "image": "https://images.stockx.com/images/Nike-Dunk-Low-Retro-White-Black-GS-Product.jpg?fit=fill&bg=FFFFFF&w=700&h=500&fm=webp&auto=compress&trim=color&q=90&dpr=2&updated_at=1613360456",
            "category": "Nike",
            "stock": 6
        },
        {
            "id": 82,
            "title": "Nike Air Force 1 Low '07 White",
            "price": 110,
            "image": "https://images.stockx.com/images/Nike-Air-Force-1-Low-White-07_V2-Product.jpg?fit=fill&bg=FFFFFF&w=700&h=500&fm=webp&auto=compress&trim=color&q=90&dpr=2&updated_at=1631122839",
            "category": "Nike",
            "stock": 17
        },
        {
            "id": 83,
            "title": "Nike Dunk Low Photon Dust (Women's)",
            "price": 100,
            "image": "https://images.stockx.com/images/Nike-Dunk-Low-Photon-Dust-W-Product.jpg?fit=fill&bg=FFFFFF&w=700&h=500&fm=webp&auto=compress&trim=color&q=90&dpr=2&updated_at=1620404906",
            "category": "Nike",
            "stock": 7
        },
        {
            "id": 84,
            "title": "Nike Dunk Low Light Orewood Brown Sashiko",
            "price": 120,
            "image": "https://images.stockx.com/images/Nike-Dunk-Low-Light-Orewood-Brown-Sashiko-Product.jpg?fit=fill&bg=FFFFFF&w=700&h=500&fm=webp&auto=compress&trim=color&q=90&dpr=2&updated_at=1676376509",
            "category": "Nike",
            "stock": 9
        },
        {
            "id": 85,
            "title": "Nike Dunk Low Industrial Blue Sashiko",
            "price": 120,
            "image": "https://images.stockx.com/images/Nike-Dunk-Low-Industrial-Blue-Sashiko-Product.jpg?fit=fill&bg=FFFFFF&w=700&h=500&fm=webp&auto=compress&trim=color&q=90&dpr=2&updated_at=1676277261",
            "category": "Nike",
            "stock": 50
        },
        {
            "id": 86,
            "title": "Nike Dunk Low Rose Whisper (Women's)",
            "price": 100,
            "image": "https://images.stockx.com/images/Nike-Dunk-Low-Rose-Whisper-W-Product.jpg?fit=fill&bg=FFFFFF&w=700&h=500&fm=webp&auto=compress&trim=color&q=90&dpr=2&updated_at=1650654997",
            "category": "Nike",
            "stock": 22
        },
        {
            "id": 87,
            "title": "Nike Dunk Low Grey Fog",
            "price": 100,
            "image": "https://images.stockx.com/images/Nike-Dunk-Low-Grey-Fog-Product.jpg?fit=fill&bg=FFFFFF&w=700&h=500&fm=webp&auto=compress&trim=color&q=90&dpr=2&updated_at=1632232056",
            "category": "Nike",
            "stock": 35
        },
        {
            "id": 88,
            "title": "Nike Air Force 1 Low Supreme White",
            "price": 96,
            "image": "https://images.stockx.com/images/Nike-Air-Force-1-Low-Supreme-Box-Logo-White-Product.jpg?fit=fill&bg=FFFFFF&w=700&h=500&fm=webp&auto=compress&trim=color&q=90&dpr=2&updated_at=1606164536",
            "category": "Nike",
            "stock": 38
        },
        {
            "id": 89,
            "title": "Nike Dunk Low Mica Green",
            "price": 110,
            "image": "https://images.stockx.com/images/Nike-Dunk-Low-Mica-Green-Product.jpg?fit=fill&bg=FFFFFF&w=700&h=500&fm=webp&auto=compress&trim=color&q=90&dpr=2&updated_at=1684307637",
            "category": "Nike",
            "stock": 49
        },
        {
            "id": 90,
            "title": "Nike Dunk Low Retro White Pure Platinum",
            "price": 110,
            "image": "https://images.stockx.com/images/Nike-Dunk-Low-Retro-White-Pure-Platinum-Product.jpg?fit=fill&bg=FFFFFF&w=700&h=500&fm=webp&auto=compress&trim=color&q=90&dpr=2&updated_at=1675338497",
            "category": "Nike",
            "stock": 46
        },
        {
            "id": 91,
            "title": "Nike Dunk Low Team Gold",
            "price": 110,
            "image": "https://images.stockx.com/images/Nike-Dunk-Low-Team-Gold-Product.jpg?fit=fill&bg=FFFFFF&w=700&h=500&fm=webp&auto=compress&trim=color&q=90&dpr=2&updated_at=1680289967",
            "category": "Nike",
            "stock": 41
        },
        {
            "id": 92,
            "title": "Nike SB Dunk Low Pro White Gum",
            "price": 110,
            "image": "https://images.stockx.com/images/Nike-SB-Dunk-Low-White-Gum-Product.jpg?fit=fill&bg=FFFFFF&w=700&h=500&fm=webp&auto=compress&trim=color&q=90&dpr=2&updated_at=1672818220",
            "category": "Nike",
            "stock": 23
        },
        {
            "id": 93,
            "title": "Nike Dunk Low Active Fuchsia (GS)",
            "price": 90,
            "image": "https://images.stockx.com/images/Nike-Dunk-Low-Active-Fuchsia-GS-Product.jpg?fit=fill&bg=FFFFFF&w=700&h=500&fm=webp&auto=compress&trim=color&q=90&dpr=2&updated_at=1675062976",
            "category": "Nike",
            "stock": 42
        },
        {
            "id": 94,
            "title": "Nike Ja 1 Day One",
            "price": 110,
            "image": "https://images.stockx.com/images/Nike-Ja-1-Day-One-Product.jpg?fit=fill&bg=FFFFFF&w=700&h=500&fm=webp&auto=compress&trim=color&q=90&dpr=2&updated_at=1682102610",
            "category": "Nike",
            "stock": 7
        },
        {
            "id": 95,
            "title": "Nike Dunk Low Plum Eclipse (Women's)",
            "price": 120,
            "image": "https://images.stockx.com/images/Nike-Dunk-Low-Plum-Coconut-Milk-Womens-Product.jpg?fit=fill&bg=FFFFFF&w=700&h=500&fm=webp&auto=compress&trim=color&q=90&dpr=2&updated_at=1681371735",
            "category": "Nike",
            "stock": 31
        },
        {
            "id": 96,
            "title": "Nike Dunk Low Next Nature White Black Panda (Women's)",
            "price": 100,
            "image": "https://images.stockx.com/images/Nike-Dunk-Low-Next-Nature-White-Black-W-Product.jpg?fit=fill&bg=FFFFFF&w=700&h=500&fm=webp&auto=compress&trim=color&q=90&dpr=2&updated_at=1643118805",
            "category": "Nike",
            "stock": 45
        },
        {
            "id": 97,
            "title": "Puma LaMelo Ball MB.02 Rick & Morty Adventures",
            "price": 130,
            "image": "https://images.stockx.com/images/Puma-LaMelo-Ball-MB02-Rick-and-Morty-Adventures-Product.jpg?fit=fill&bg=FFFFFF&w=700&h=500&fm=webp&auto=compress&trim=color&q=90&dpr=2&updated_at=1676641693",
            "category": "Puma",
            "stock": 27
        },
        {
            "id": 98,
            "title": "Puma LaMelo Ball MB.02 Lunar New Year Jade",
            "price": 140,
            "image": "https://images.stockx.com/images/Puma-LaMelo-Ball-MB02-Lunar-New-Year-Jade-Product.jpg?fit=fill&bg=FFFFFF&w=700&h=500&fm=webp&auto=compress&trim=color&q=90&dpr=2&updated_at=1674199054",
            "category": "Puma",
            "stock": 34
        },
        {
            "id": 99,
            "title": "Puma LaMelo Ball MB.02 Nickelodeon Slime",
            "price": 140,
            "image": "https://images.stockx.com/images/Puma-LaMelo-Ball-MB02-Slime-Product.jpg?fit=fill&bg=FFFFFF&w=700&h=500&fm=webp&auto=compress&trim=color&q=90&dpr=2&updated_at=1672387133",
            "category": "Puma",
            "stock": 34
        },
        {
            "id": 100,
            "title": "Puma LaMelo Ball MB.02 Be You",
            "price": 175,
            "image": "https://images.stockx.com/images/Puma-LaMelo-Ball-MB02-Be-You.jpg?fit=fill&bg=FFFFFF&w=700&h=500&fm=webp&auto=compress&trim=color&q=90&dpr=2&updated_at=1686241733",
            "category": "Puma",
            "stock": 35
        },
        {
            "id": 101,
            "title": "Puma LaMelo Ball MB.02 Rookie Of The Year",
            "price": 130,
            "image": "https://images.stockx.com/images/Puma-LaMelo-Ball-MB02-Rookie-Of-The-Year-Product.jpg?fit=fill&bg=FFFFFF&w=700&h=500&fm=webp&auto=compress&trim=color&q=90&dpr=2&updated_at=1671004965",
            "category": "Puma",
            "stock": 47
        },
        {
            "id": 102,
            "title": "Puma LaMelo Ball MB.01 Lo Green Gecko",
            "price": 120,
            "image": "https://images.stockx.com/images/Puma-LaMelo-Ball-MB01-Lo-Green-Gecko-Product.jpg?fit=fill&bg=FFFFFF&w=700&h=500&fm=webp&auto=compress&trim=color&q=90&dpr=2&updated_at=1665384200",
            "category": "Puma",
            "stock": 38
        },
        {
            "id": 103,
            "title": "Puma Suede Rhuigi B-Boy",
            "price": 120,
            "image": "https://images.stockx.com/images/Puma-Suede-Rhuigi-B-Boy-Product.jpg?fit=fill&bg=FFFFFF&w=700&h=500&fm=webp&auto=compress&trim=color&q=90&dpr=2&updated_at=1684221496",
            "category": "Puma",
            "stock": 20
        },
        {
            "id": 104,
            "title": "Puma LaMelo Ball MB.01 Iridescent Dreams",
            "price": 125,
            "image": "https://images.stockx.com/images/Puma-LaMelo-Ball-MB01-Iridescent-Dreams-Product.jpg?fit=fill&bg=FFFFFF&w=700&h=500&fm=webp&auto=compress&trim=color&q=90&dpr=2&updated_at=1663957998",
            "category": "Puma",
            "stock": 24
        },
        {
            "id": 105,
            "title": "Puma LaMelo Ball MB.01 Lo Black White",
            "price": 120,
            "image": "https://images.stockx.com/images/Puma-LaMelo-Ball-MB01-Lo-Black-White-Product.jpg?fit=fill&bg=FFFFFF&w=700&h=500&fm=webp&auto=compress&trim=color&q=90&dpr=2&updated_at=1668096879",
            "category": "Puma",
            "stock": 8
        },
        {
            "id": 106,
            "title": "Puma LaMelo Ball MB.02 Supernova",
            "price": 130,
            "image": "https://images.stockx.com/images/Puma-LaMelo-Ball-MB02-Supernova-Product.jpg?fit=fill&bg=FFFFFF&w=700&h=500&fm=webp&auto=compress&trim=color&q=90&dpr=2&updated_at=1667460023",
            "category": "Puma",
            "stock": 10
        },
        {
            "id": 107,
            "title": "Puma LaMelo Ball MB.02 Nickelodeon Slime (GS)",
            "price": 110,
            "image": "https://images.stockx.com/images/Puma-LaMelo-Ball-MB02-Nickelodeon-Slime-GS-Product.jpg?fit=fill&bg=FFFFFF&w=700&h=500&fm=webp&auto=compress&trim=color&q=90&dpr=2&updated_at=1675410057",
            "category": "Puma",
            "stock": 18
        },
        {
            "id": 108,
            "title": "Puma LaMelo Ball MB.01 Galaxy",
            "price": 125,
            "image": "https://images.stockx.com/images/Puma-MB01-LaMelo-Ball-Galaxy-Product.jpg?fit=fill&bg=FFFFFF&w=700&h=500&fm=webp&auto=compress&trim=color&q=90&dpr=2&updated_at=1651610682",
            "category": "Puma",
            "stock": 15
        },
        {
            "id": 109,
            "title": "Puma LaMelo Ball MB.02 Honeycomb",
            "price": 130,
            "image": "https://images.stockx.com/images/Puma-LaMelo-Ball-MB02-Honeycomb-Product.jpg?fit=fill&bg=FFFFFF&w=700&h=500&fm=webp&auto=compress&trim=color&q=90&dpr=2&updated_at=1679680380",
            "category": "Puma",
            "stock": 27
        },
        {
            "id": 110,
            "title": "Puma LaMelo Ball MB.01 White Silver",
            "price": 120,
            "image": "https://images.stockx.com/images/Puma-LaMelo-Ball-MB01-White-Silver-Product.jpg?fit=fill&bg=FFFFFF&w=700&h=500&fm=webp&auto=compress&trim=color&q=90&dpr=2&updated_at=1659539079",
            "category": "Puma",
            "stock": 21
        },
        {
            "id": 111,
            "title": "Puma LaMelo Ball MB.02 Rookie Of The Year (GS)",
            "price": 110,
            "image": "https://images.stockx.com/images/Puma-LaMelo-Ball-MB02-Rookie-Of-The-Year-GS-Product.jpg?fit=fill&bg=FFFFFF&w=700&h=500&fm=webp&auto=compress&trim=color&q=90&dpr=2&updated_at=1676376947",
            "category": "Puma",
            "stock": 4
        },
        {
            "id": 112,
            "title": "Puma LaMelo Ball MB.02 Phenom",
            "price": 130,
            "image": "https://images.stockx.com/images/Puma-LaMelo-Ball-MB02-Phenom-Product.jpg?fit=fill&bg=FFFFFF&w=700&h=500&fm=webp&auto=compress&trim=color&q=90&dpr=2&updated_at=1672300980",
            "category": "Puma",
            "stock": 16
        },
        {
            "id": 113,
            "title": "Puma LaMelo Ball MB.01 Be You",
            "price": 120,
            "image": "https://images.stockx.com/images/Puma-LaMelo-Ball-MB01-Be-You-Product.jpg?fit=fill&bg=FFFFFF&w=700&h=500&fm=webp&auto=compress&trim=color&q=90&dpr=2&updated_at=1659621825",
            "category": "Puma",
            "stock": 38
        },
        {
            "id": 114,
            "title": "Puma LaMelo Ball MB.01 Lo White Black",
            "price": 120,
            "image": "https://images.stockx.com/images/Puma-LaMelo-Ball-MB01-Lo-White-Black-Product.jpg?fit=fill&bg=FFFFFF&w=700&h=500&fm=webp&auto=compress&trim=color&q=90&dpr=2&updated_at=1669987721",
            "category": "Puma",
            "stock": 4
        },
        {
            "id": 115,
            "title": "Puma LaMelo Ball MB.01 Lo Team Color Green Gecko (GS)",
            "price": 95,
            "image": "https://images.stockx.com/images/Puma-LaMelo-Ball-MB01-Lo-Team-Color-Green-Gecko-GS.jpg?fit=fill&bg=FFFFFF&w=700&h=500&fm=webp&auto=compress&trim=color&q=90&dpr=2&updated_at=1671035542",
            "category": "Puma",
            "stock": 23
        },
        {
            "id": 116,
            "title": "Puma LaMelo Ball MB.02 Supernova (GS)",
            "price": 110,
            "image": "https://images.stockx.com/images/Puma-LaMelo-Ball-MB02-Supernova-GS.jpg?fit=fill&bg=FFFFFF&w=700&h=500&fm=webp&auto=compress&trim=color&q=90&dpr=2&updated_at=1665804478",
            "category": "Puma",
            "stock": 21
        },
        {
            "id": 117,
            "title": "adidas Yeezy Slide Onyx (2022/2023)",
            "price": 60,
            "image": "https://images.stockx.com/images/adidas-Yeezy-Slide-Black-Product.jpg?fit=fill&bg=FFFFFF&w=700&h=500&fm=webp&auto=compress&trim=color&q=90&dpr=2&updated_at=1646687426",
            "category": "Adidas",
            "stock": 26
        },
        {
            "id": 118,
            "title": "adidas Yeezy Foam RNR MX Cinder",
            "price": 90,
            "image": "https://images.stockx.com/images/adidas-Yeezy-Foam-RNNR-MX-Brown-Blue-Product.jpg?fit=fill&bg=FFFFFF&w=700&h=500&fm=webp&auto=compress&trim=color&q=90&dpr=2&updated_at=1686134738",
            "category": "Adidas",
            "stock": 7
        },
        {
            "id": 119,
            "title": "adidas Yeezy Slide Azure",
            "price": 70,
            "image": "https://images.stockx.com/images/adidas-Yeezy-Slide-Azure-Product.jpg?fit=fill&bg=FFFFFF&w=700&h=500&fm=webp&auto=compress&trim=color&q=90&dpr=2&updated_at=1671115369",
            "category": "Adidas",
            "stock": 1
        },
        {
            "id": 120,
            "title": "adidas Yeezy Boost 350 V2 Onyx (2022/2023)",
            "price": 230,
            "image": "https://images.stockx.com/images/adidas-Yeezy-Boost-350-V2-Onyx-Product.jpg?fit=fill&bg=FFFFFF&w=700&h=500&fm=webp&auto=compress&trim=color&q=90&dpr=2&updated_at=1656420652",
            "category": "Adidas",
            "stock": 3
        },
        {
            "id": 121,
            "title": "adidas Yeezy Slide Bone (2022 Restock)",
            "price": 60,
            "image": "https://images.stockx.com/images/adidas-Yeezy-Slide-Bone-2022-Product.jpg?fit=fill&bg=FFFFFF&w=700&h=500&fm=webp&auto=compress&trim=color&q=90&dpr=2&updated_at=1660143189",
            "category": "Adidas",
            "stock": 10
        },
        {
            "id": 122,
            "title": "adidas Samba OG Cloud White Core Black",
            "price": 100,
            "image": "https://images.stockx.com/images/adidas-Samba-OG-Cloud-White-Core-Black-Product.jpg?fit=fill&bg=FFFFFF&w=700&h=500&fm=webp&auto=compress&trim=color&q=90&dpr=2&updated_at=1686253990",
            "category": "Adidas",
            "stock": 40
        },
        {
            "id": 123,
            "title": "adidas Yeezy Boost 350 V2 Carbon Beluga",
            "price": 230,
            "image": "https://images.stockx.com/images/adidas-Yeezy-350-V2-Carbon-Beluga-Product.jpg?fit=fill&bg=FFFFFF&w=700&h=500&fm=webp&auto=compress&trim=color&q=90&dpr=2&updated_at=1686036389",
            "category": "Adidas",
            "stock": 6
        },
        {
            "id": 124,
            "title": "adidas Yeezy Boost 350 Pirate Black (2023)",
            "price": 230,
            "image": "https://images.stockx.com/images/adidas-Yeezy-Boost-350-Pirate-Black-2022-2023-Product.jpg?fit=fill&bg=FFFFFF&w=700&h=500&fm=webp&auto=compress&trim=color&q=90&dpr=2&updated_at=1686229334",
            "category": "Adidas",
            "stock": 32
        },
        {
            "id": 125,
            "title": "adidas Campus 00s Core Black",
            "price": 100,
            "image": "https://images.stockx.com/images/adidas-Campus-00s-Core-Black-Product.jpg?fit=fill&bg=FFFFFF&w=700&h=500&fm=webp&auto=compress&trim=color&q=90&dpr=2&updated_at=1681283876",
            "category": "Adidas",
            "stock": 43
        },
        {
            "id": 126,
            "title": "adidas Samba OG Black White Gum",
            "price": 80,
            "image": "https://images.stockx.com/images/adidas-Samba-Black-White-Gum-Product.jpg?fit=fill&bg=FFFFFF&w=700&h=500&fm=webp&auto=compress&trim=color&q=90&dpr=2&updated_at=1615579186",
            "category": "Adidas",
            "stock": 23
        },
        {
            "id": 127,
            "title": "adidas Samba Wales Bonner Silver",
            "price": 200,
            "image": "https://images.stockx.com/images/adidas-Samba-Wales-Bonner-Silver-Product.jpg?fit=fill&bg=FFFFFF&w=700&h=500&fm=webp&auto=compress&trim=color&q=90&dpr=2&updated_at=1683791192",
            "category": "Adidas",
            "stock": 13
        },
        {
            "id": 128,
            "title": "adidas Yeezy Boost 350 V2 Zebra (2017/2022/2023)",
            "price": 220,
            "image": "https://images.stockx.com/images/Adidas-Yeezy-Boost-350-V2-Zebra-Product-1.jpg?fit=fill&bg=FFFFFF&w=700&h=500&fm=webp&auto=compress&trim=color&q=90&dpr=2&updated_at=1606321670",
            "category": "Adidas",
            "stock": 40
        },
        {
            "id": 129,
            "title": "adidas Yeezy Foam RNR Clay Taupe",
            "price": 80,
            "image": "https://images.stockx.com/images/adidas-Yeezy-Foam-RNR-Clay-Taupe-Product.jpg?fit=fill&bg=FFFFFF&w=700&h=500&fm=webp&auto=compress&trim=color&q=90&dpr=2&updated_at=1682407736",
            "category": "Adidas",
            "stock": 24
        },
        {
            "id": 130,
            "title": "adidas Campus 00s Grey White",
            "price": 100,
            "image": "https://images.stockx.com/images/adidas-Campus-00s-Grey-White-Product.jpg?fit=fill&bg=FFFFFF&w=700&h=500&fm=webp&auto=compress&trim=color&q=90&dpr=2&updated_at=1683626054",
            "category": "Adidas",
            "stock": 8
        },
        {
            "id": 131,
            "title": "adidas Yeezy 500 Utility Black (2018/2023)",
            "price": 200,
            "image": "https://images.stockx.com/images/Adidas-Yeezy-500-Utility-Black-Product.jpg?fit=fill&bg=FFFFFF&w=700&h=500&fm=webp&auto=compress&trim=color&q=90&dpr=2&updated_at=1606319127",
            "category": "Adidas",
            "stock": 2
        },
        {
            "id": 132,
            "title": "adidas Campus 00s Dark Green Cloud White",
            "price": 110,
            "image": "https://images.stockx.com/images/adidas-Campus-00s-Dark-Green-Cloud-White-Product.jpg?fit=fill&bg=FFFFFF&w=700&h=500&fm=webp&auto=compress&trim=color&q=90&dpr=2&updated_at=1683707062",
            "category": "Adidas",
            "stock": 11
        },
        {
            "id": 133,
            "title": "adidas Handball Spezial Navy Gum",
            "price": 100,
            "image": "https://images.stockx.com/images/adidas-Handball-Spezial-Navy-Gum-Product.jpg?fit=fill&bg=FFFFFF&w=700&h=500&fm=webp&auto=compress&trim=color&q=90&dpr=2&updated_at=1662732693",
            "category": "Adidas",
            "stock": 28
        },
        {
            "id": 134,
            "title": "adidas Yeezy Foam RNR Onyx",
            "price": 80,
            "image": "https://images.stockx.com/images/adidas-Yeezy-Foam-RNNR-Onyx-Product.jpg?fit=fill&bg=FFFFFF&w=700&h=500&fm=webp&auto=compress&trim=color&q=90&dpr=2&updated_at=1654264132",
            "category": "Adidas",
            "stock": 28
        },
        {
            "id": 135,
            "title": "adidas Yeezy Boost 350 V2 Beluga Reflective",
            "price": 240,
            "image": "https://images.stockx.com/images/adidas-Yeezy-Boost-350-V2-Beluga-Reflective-Product.jpg?fit=fill&bg=FFFFFF&w=700&h=500&fm=webp&auto=compress&trim=color&q=90&dpr=2&updated_at=1638996919",
            "category": "Adidas",
            "stock": 6
        },
        {
            "id": 136,
            "title": "adidas Yeezy Slide Pure (Restock Pair)",
            "price": 60,
            "image": "https://images.stockx.com/images/adidas-Yeezy-Slide-Pure-Restock-Pair-1.jpg?fit=fill&bg=FFFFFF&w=700&h=500&fm=webp&auto=compress&trim=color&q=90&dpr=2&updated_at=1639593302",
            "category": "Adidas",
            "stock": 29
        },
        {
            "id": 137,
            "title": "Converse Chuck Taylor All-Star 70 Hi Comme des Garcons PLAY Black",
            "price": 125,
            "image": "https://images.stockx.com/images/Converse-Chuck-Taylor-All-Star-70s-Hi-Comme-des-Garcons-PLAY-Black-Product.jpg?fit=fill&bg=FFFFFF&w=700&h=500&fm=webp&auto=compress&trim=color&q=90&dpr=2&updated_at=1671022506",
            "category": "Converse",
            "stock": 17
        },
        {
            "id": 138,
            "title": "Converse Chuck Taylor All-Star 70 Hi Comme des Garcons PLAY White",
            "price": 125,
            "image": "https://images.stockx.com/images/Converse-Chuck-Taylor-All-Star-70s-Hi-Comme-des-Garcons-PLAY-White-Product.jpg?fit=fill&bg=FFFFFF&w=700&h=500&fm=webp&auto=compress&trim=color&q=90&dpr=2&updated_at=1607647598",
            "category": "Converse",
            "stock": 30
        },
        {
            "id": 139,
            "title": "Converse Chuck Taylor All-Star 70 Ox Comme des Garcons PLAY Black",
            "price": 120,
            "image": "https://images.stockx.com/images/Converse-Chuck-Taylor-All-Star-70s-Ox-Comme-Des-Garcons-Play-Black-Product.jpg?fit=fill&bg=FFFFFF&w=700&h=500&fm=webp&auto=compress&trim=color&q=90&dpr=2&updated_at=1607648065",
            "category": "Converse",
            "stock": 42
        },
        {
            "id": 140,
            "title": "Converse Chuck Taylor All-Star 70 Ox Comme des Garcons PLAY White",
            "price": 120,
            "image": "https://images.stockx.com/images/Converse-Chuck-Taylor-All-Star-70s-Ox-Comme-Des-Garcons-Play-White-Product.jpg?fit=fill&bg=FFFFFF&w=700&h=500&fm=webp&auto=compress&trim=color&q=90&dpr=2&updated_at=1607647438",
            "category": "Converse",
            "stock": 44
        },
        {
            "id": 141,
            "title": "Converse Chuck Taylor All-Star 70 Hi Comme des Garcons PLAY Grey",
            "price": 150,
            "image": "https://images.stockx.com/images/Converse-Chuck-Taylor-All-Star-70s-Hi-Comme-des-Garcons-PLAY-Grey-Product.jpg?fit=fill&bg=FFFFFF&w=700&h=500&fm=webp&auto=compress&trim=color&q=90&dpr=2&updated_at=1637075731",
            "category": "Converse",
            "stock": 49
        },
        {
            "id": 142,
            "title": "Converse Chuck Taylor All-Star 70 Hi Off-White",
            "price": 130,
            "image": "https://images.stockx.com/images/Converse-Chuck-Taylor-All-Star-70s-Hi-Off-White-Product.jpg?fit=fill&bg=FFFFFF&w=700&h=500&fm=webp&auto=compress&trim=color&q=90&dpr=2&updated_at=1606318827",
            "category": "Converse",
            "stock": 41
        },
        {
            "id": 143,
            "title": "Converse TURBOWPN Mid Rick Owens DRKSHDW Black Cloud Cream",
            "price": 200,
            "image": "https://images.stockx.com/images/Converse-TURBOWPN-Mid-Rick-Owens-DRKSHDW-Black-White-Product.jpg?fit=fill&bg=FFFFFF&w=700&h=500&fm=webp&auto=compress&trim=color&q=90&dpr=2&updated_at=1675274853",
            "category": "Converse",
            "stock": 12
        },
        {
            "id": 144,
            "title": "Converse Chuck Taylor All-Star 70 Hi Devin Booker The Next Icon",
            "price": 95,
            "image": "https://images.stockx.com/images/Converse-Chuck-Taylor-All-Star-70-Hi-Devin-Booker-The-Next-Icon-Product.jpg?fit=fill&bg=FFFFFF&w=700&h=500&fm=webp&auto=compress&trim=color&q=90&dpr=2&updated_at=1681886550",
            "category": "Converse",
            "stock": 17
        },
        {
            "id": 145,
            "title": "Converse Chuck Taylor All-Star 70 Hi Comme des Garcons PLAY Blue",
            "price": 150,
            "image": "https://images.stockx.com/images/Converse-Chuck-Taylor-All-Star-70s-Hi-Comme-des-Garcons-PLAY-Blue-Product.jpg?fit=fill&bg=FFFFFF&w=700&h=500&fm=webp&auto=compress&trim=color&q=90&dpr=2&updated_at=1624461197",
            "category": "Converse",
            "stock": 29
        },
        {
            "id": 146,
            "title": "Converse Chuck Taylor All-Star 70 Ox Comme des Garcons PLAY Grey",
            "price": 150,
            "image": "https://images.stockx.com/images/Converse-Chuck-Taylor-All-Star-70s-Ox-Comme-des-Garcons-PLAY-Grey-Product.jpg?fit=fill&bg=FFFFFF&w=700&h=500&fm=webp&auto=compress&trim=color&q=90&dpr=2&updated_at=1624461276",
            "category": "Converse",
            "stock": 42
        },
        {
            "id": 147,
            "title": "Converse Chuck Taylor All-Star Lift Hi White Red (Women's)",
            "price": 100,
            "image": "https://images.stockx.com/images/Converse-Chuck-Taylor-All-Star-Lift-Hi-White-Red-W-Product.jpg?fit=fill&bg=FFFFFF&w=700&h=500&fm=webp&auto=compress&trim=color&q=90&dpr=2&updated_at=1647013407",
            "category": "Converse",
            "stock": 15
        },
        {
            "id": 148,
            "title": "Converse Run Star Hike Hi Black White Gum",
            "price": 100,
            "image": "https://images.stockx.com/images/Converse-Run-Star-Hike-Hi-Black-White-Gum-Product.jpg?fit=fill&bg=FFFFFF&w=700&h=500&fm=webp&auto=compress&trim=color&q=90&dpr=2&updated_at=1607647093",
            "category": "Converse",
            "stock": 13
        },
        {
            "id": 149,
            "title": "Converse Chuck Taylor All-Star 70 Ox Comme des Garcons PLAY Blue Quartz",
            "price": 150,
            "image": "https://images.stockx.com/images/Converse-Chuck-Taylor-All-Star-70s-Ox-Comme-des-Garcons-PLAY-Blue-Product.jpg?fit=fill&bg=FFFFFF&w=700&h=500&fm=webp&auto=compress&trim=color&q=90&dpr=2&updated_at=1646752980",
            "category": "Converse",
            "stock": 15
        },
        {
            "id": 150,
            "title": "Converse Chuck Taylor All-Star Lift Hi Things To Grow Egret",
            "price": 80,
            "image": "https://images.stockx.com/images/Converse-Chuck-Taylor-All-Star-Liftt-Hi-Things-To-Grow-Egret-Product.jpg?fit=fill&bg=FFFFFF&w=700&h=500&fm=webp&auto=compress&trim=color&q=90&dpr=2&updated_at=1648131709",
            "category": "Converse",
            "stock": 39
        },
        {
            "id": 151,
            "title": "Converse Chuck Taylor All-Star 70 Hi Golf Le Fleur Yellow Flame",
            "price": 100,
            "image": "https://images.stockx.com/images/Converse-Chuck-Taylor-All-Star-70-Hi-Golf-Le-Fleur-Yellow-Flame-Product.jpg?fit=fill&bg=FFFFFF&w=700&h=500&fm=webp&auto=compress&trim=color&q=90&dpr=2&updated_at=1626802914",
            "category": "Converse",
            "stock": 22
        },
        {
            "id": 152,
            "title": "Converse Chuck Taylor All-Star 70 Hi A-COLD-WALL Pavement",
            "price": 110,
            "image": "https://images.stockx.com/images/Converse-Chuck-Taylor-All-Star-70-Hi-A-COLD-WALL-Pavement-Product.jpg?fit=fill&bg=FFFFFF&w=700&h=500&fm=webp&auto=compress&trim=color&q=90&dpr=2&updated_at=1666330866",
            "category": "Converse",
            "stock": 21
        },
        {
            "id": 153,
            "title": "Converse Chuck Taylor All-Star 70 Hi Patta Experimental Jetset",
            "price": 100,
            "image": "https://images.stockx.com/images/Converse-Chuck-Taylor-All-Star-70-Hi-Patta-Experimental-Jetset-Product.jpg?fit=fill&bg=FFFFFF&w=700&h=500&fm=webp&auto=compress&trim=color&q=90&dpr=2&updated_at=1677828919",
            "category": "Converse",
            "stock": 34
        },
        {
            "id": 154,
            "title": "Converse Chuck Taylor All-Star 70 Hi Peanuts Woodstock",
            "price": 100,
            "image": "https://images.stockx.com/images/Converse-Chuck-Taylor-All-Star-70-Hi-Peanuts-Woodstock-Product.jpg?fit=fill&bg=FFFFFF&w=700&h=500&fm=webp&auto=compress&trim=color&q=90&dpr=2&updated_at=1683915256",
            "category": "Converse",
            "stock": 3
        },
        {
            "id": 155,
            "title": "Converse Chuck One Star Ox Stussy Black",
            "price": 100,
            "image": "https://images.stockx.com/images/Converse-Chuck-One-Star-Ox-Stussy-Black-Product.jpg?fit=fill&bg=FFFFFF&w=700&h=500&fm=webp&auto=compress&trim=color&q=90&dpr=2&updated_at=1655732742",
            "category": "Converse",
            "stock": 12
        },
        {
            "id": 156,
            "title": "Converse Chuck Taylor All-Star 70 Hi Comme des Garcons Play Multi-Heart White",
            "price": 145,
            "image": "https://images.stockx.com/images/Converse-Chuck-Taylor-All-Star-70s-Hi-Comme-des-Garcons-Play-Multi-Heart-White-Product.jpg?fit=fill&bg=FFFFFF&w=700&h=500&fm=webp&auto=compress&trim=color&q=90&dpr=2&updated_at=1614263135",
            "category": "Converse",
            "stock": 17
        },
        {
            "id": 157,
            "title": "New Balance 550 White Green",
            "price": 120,
            "image": "https://images.stockx.com/images/New-Balance-550-White-Green-Product.jpg?fit=fill&bg=FFFFFF&w=700&h=500&fm=webp&auto=compress&trim=color&q=90&dpr=2&updated_at=1628002321",
            "category": "New Balance",
            "stock": 20
        },
        {
            "id": 158,
            "title": "New Balance 530 White Silver Navy",
            "price": 95,
            "image": "https://images.stockx.com/images/New-Balance-530-White-Silver-Navy-Product.jpg?fit=fill&bg=FFFFFF&w=700&h=500&fm=webp&auto=compress&trim=color&q=90&dpr=2&updated_at=1657865292",
            "category": "New Balance",
            "stock": 8
        },
        {
            "id": 159,
            "title": "New Balance 2002R Protection Pack Rain Cloud",
            "price": 150,
            "image": "https://images.stockx.com/images/New-Balance-M2002-Protection-Pack-Rain-Cloud-Product.jpg?fit=fill&bg=FFFFFF&w=700&h=500&fm=webp&auto=compress&trim=color&q=90&dpr=2&updated_at=1638287519",
            "category": "New Balance",
            "stock": 23
        },
        {
            "id": 160,
            "title": "New Balance 550 White Grey",
            "price": 100,
            "image": "https://images.stockx.com/images/New-Balance-550-White-Grey-Product.jpg?fit=fill&bg=FFFFFF&w=700&h=500&fm=webp&auto=compress&trim=color&q=90&dpr=2&updated_at=1613670436",
            "category": "New Balance",
            "stock": 37
        },
        {
            "id": 161,
            "title": "New Balance 2002R Protection Pack Grey",
            "price": 170,
            "image": "https://images.stockx.com/images/New-Balance-2002R-Protection-Pack-Grey-Product.jpg?fit=fill&bg=FFFFFF&w=700&h=500&fm=webp&auto=compress&trim=color&q=90&dpr=2&updated_at=1678782195",
            "category": "New Balance",
            "stock": 1
        },
        {
            "id": 162,
            "title": "New Balance 9060 Quartz Grey",
            "price": 150,
            "image": "https://images.stockx.com/images/New-Balance-9060-Quartz-Grey-Team-Cream-Sea-Salt-Product.jpg?fit=fill&bg=FFFFFF&w=700&h=500&fm=webp&auto=compress&trim=color&q=90&dpr=2&updated_at=1685986381",
            "category": "New Balance",
            "stock": 50
        },
        {
            "id": 163,
            "title": "New Balance 990v6 MiUSA Grey",
            "price": 200,
            "image": "https://images.stockx.com/images/New-Balance-990v6-Grey-Product.jpg?fit=fill&bg=FFFFFF&w=700&h=500&fm=webp&auto=compress&trim=color&q=90&dpr=2&updated_at=1668583024",
            "category": "New Balance",
            "stock": 2
        },
        {
            "id": 164,
            "title": "New Balance 2002R Protection Pack Black Grey",
            "price": 170,
            "image": "https://images.stockx.com/images/New-Balance-2002R-Protection-Pack-Black-Grey-Product.jpg?fit=fill&bg=FFFFFF&w=700&h=500&fm=webp&auto=compress&trim=color&q=90&dpr=2&updated_at=1678434248",
            "category": "New Balance",
            "stock": 16
        },
        {
            "id": 165,
            "title": "New Balance 550 Cream Black",
            "price": 100,
            "image": "https://images.stockx.com/images/New-Balance-550-Cream-Black-Product.jpg?fit=fill&bg=FFFFFF&w=700&h=500&fm=webp&auto=compress&trim=color&q=90&dpr=2&updated_at=1651781130",
            "category": "New Balance",
            "stock": 38
        },
        {
            "id": 166,
            "title": "New Balance 9060 Rain Cloud Grey",
            "price": 150,
            "image": "https://images.stockx.com/images/New-Balance-9060-Rain-Cloud-Grey-Product.jpg?fit=fill&bg=FFFFFF&w=700&h=500&fm=webp&auto=compress&trim=color&q=90&dpr=2&updated_at=1680629448",
            "category": "New Balance",
            "stock": 17
        },
        {
            "id": 167,
            "title": "New Balance 550 Grey Day (2023)",
            "price": 120,
            "image": "https://images.stockx.com/images/New-Balance-550-Distressed-Nimbus-Cloud-Navy.jpg?fit=fill&bg=FFFFFF&w=700&h=500&fm=webp&auto=compress&trim=color&q=90&dpr=2&updated_at=1683280423",
            "category": "New Balance",
            "stock": 7
        },
        {
            "id": 168,
            "title": "New Balance 2002R Protection Pack Driftwood",
            "price": 170,
            "image": "https://images.stockx.com/images/New-Balance-2002R-Protection-Pack-Driftwood-Product.jpg?fit=fill&bg=FFFFFF&w=700&h=500&fm=webp&auto=compress&trim=color&q=90&dpr=2&updated_at=1680768263",
            "category": "New Balance",
            "stock": 9
        },
        {
            "id": 169,
            "title": "New Balance 550 White Black",
            "price": 110,
            "image": "https://images.stockx.com/images/New-Balance-550-White-Black-Product.jpg?fit=fill&bg=FFFFFF&w=700&h=500&fm=webp&auto=compress&trim=color&q=90&dpr=2&updated_at=1638903675",
            "category": "New Balance",
            "stock": 34
        },
        {
            "id": 170,
            "title": "New Balance 9060 Beach Glass Pink",
            "price": 150,
            "image": "https://images.stockx.com/images/New-Balance-9060-Beach-Glass-Pink.jpg?fit=fill&bg=FFFFFF&w=700&h=500&fm=webp&auto=compress&trim=color&q=90&dpr=2&updated_at=1685687859",
            "category": "New Balance",
            "stock": 11
        },
        {
            "id": 171,
            "title": "New Balance 9060 Black Castlerock Grey",
            "price": 150,
            "image": "https://images.stockx.com/images/New-Balance-9060-Black-Castlerock-Grey-Product.jpg?fit=fill&bg=FFFFFF&w=700&h=500&fm=webp&auto=compress&trim=color&q=90&dpr=2&updated_at=1665039977",
            "category": "New Balance",
            "stock": 8
        },
        {
            "id": 172,
            "title": "New Balance 1906R Aime Leon Dore Jade",
            "price": 170,
            "image": "https://images.stockx.com/images/New-Balance-1906R-Aime-Leon-Dore-Green-Product.jpg?fit=fill&bg=FFFFFF&w=700&h=500&fm=webp&auto=compress&trim=color&q=90&dpr=2&updated_at=1683626670",
            "category": "New Balance",
            "stock": 22
        },
        {
            "id": 173,
            "title": "New Balance 530 Silver Cream",
            "price": 100,
            "image": "https://images.stockx.com/images/New-Balance-530-Silver-Cream-Product.jpg?fit=fill&bg=FFFFFF&w=700&h=500&fm=webp&auto=compress&trim=color&q=90&dpr=2&updated_at=1678347066",
            "category": "New Balance",
            "stock": 38
        },
        {
            "id": 174,
            "title": "New Balance 550 Sea Salt Pine Green",
            "price": 110,
            "image": "https://images.stockx.com/images/New-Balance-550-Sea-Salt-Pine-Green-Product.jpg?fit=fill&bg=FFFFFF&w=700&h=500&fm=webp&auto=compress&trim=color&q=90&dpr=2&updated_at=1675949864",
            "category": "New Balance",
            "stock": 11
        },
        {
            "id": 175,
            "title": "New Balance 9060 Sea Salt White",
            "price": 150,
            "image": "https://images.stockx.com/images/New-Balance-9060-Sea-Salt-White-Product.jpg?fit=fill&bg=FFFFFF&w=700&h=500&fm=webp&auto=compress&trim=color&q=90&dpr=2&updated_at=1675409600",
            "category": "New Balance",
            "stock": 49
        },
        {
            "id": 176,
            "title": "New Balance 990v5 Grey",
            "price": 175,
            "image": "https://images.stockx.com/images/New-Balance-990v5-Grey-Product.jpg?fit=fill&bg=FFFFFF&w=700&h=500&fm=webp&auto=compress&trim=color&q=90&dpr=2&updated_at=1607650731",
            "category": "New Balance",
            "stock": 6
        },
        {
            "id": 177,
            "title": "Reebok Shaq Attaq Orlando (2022)",
            "price": 170,
            "image": "https://images.stockx.com/images/Reebok-Shaq-Attaq-Orlando-2022-Product.jpg?fit=fill&bg=FFFFFF&w=700&h=500&fm=webp&auto=compress&trim=color&q=90&dpr=2&updated_at=1664866789",
            "category": "Reebok",
            "stock": 22
        },
        {
            "id": 178,
            "title": "Reebok Club C 85 Pump Citron",
            "price": 110,
            "image": "https://images.stockx.com/images/Reebok-Club-C-85-Pump-Citron.jpg?fit=fill&bg=FFFFFF&w=700&h=500&fm=webp&auto=compress&trim=color&q=90&dpr=2&updated_at=1684348880",
            "category": "Reebok",
            "stock": 49
        },
        {
            "id": 179,
            "title": "Reebok Classic Leather The Pump White Vector Blue",
            "price": 110,
            "image": "https://images.stockx.com/images/Reebok-Classic-Leather-The-Pump-White-Vector-Blue.jpg?fit=fill&bg=FFFFFF&w=700&h=500&fm=webp&auto=compress&trim=color&q=90&dpr=2&updated_at=1683741205",
            "category": "Reebok",
            "stock": 18
        },
        {
            "id": 180,
            "title": "Reebok Pump Omni Zone II Chalk Vector Blue",
            "price": 150,
            "image": "https://images.stockx.com/images/Reebok-Pump-Omni-Zone-II-Chalk-Vector-Blue-Product.jpg?fit=fill&bg=FFFFFF&w=700&h=500&fm=webp&auto=compress&trim=color&q=90&dpr=2&updated_at=1677793248",
            "category": "Reebok",
            "stock": 46
        },
        {
            "id": 181,
            "title": "Reebok The Blast White Black Red (2023)",
            "price": 150,
            "image": "https://images.stockx.com/images/Reebok-The-Blast-White-Black-Red-2023.jpg?fit=fill&bg=FFFFFF&w=700&h=500&fm=webp&auto=compress&trim=color&q=90&dpr=2&updated_at=1679622820",
            "category": "Reebok",
            "stock": 37
        },
        {
            "id": 182,
            "title": "Reebok Pump TZ Neon Cherry (2023)",
            "price": 170,
            "image": "https://images.stockx.com/images/Reebok-Pump-TZ-Neon-Cherry-2023.jpg?fit=fill&bg=FFFFFF&w=700&h=500&fm=webp&auto=compress&trim=color&q=90&dpr=2&updated_at=1681237426",
            "category": "Reebok",
            "stock": 36
        },
        {
            "id": 183,
            "title": "Reebok Club C 85 TV Chalk Glen Green",
            "price": 90,
            "image": "https://images.stockx.com/images/Reebok-Club-C-85-TV-Chalk-Glen-Green-Product.jpg?fit=fill&bg=FFFFFF&w=700&h=500&fm=webp&auto=compress&trim=color&q=90&dpr=2&updated_at=1650655520",
            "category": "Reebok",
            "stock": 18
        },
        {
            "id": 184,
            "title": "Reebok The Answer IV OG NBA Finals White Black",
            "price": 130,
            "image": "https://images.stockx.com/images/Reebok-The-Answer-IV-OG-Step-Over.jpg?fit=fill&bg=FFFFFF&w=700&h=500&fm=webp&auto=compress&trim=color&q=90&dpr=2&updated_at=1655238878",
            "category": "Reebok",
            "stock": 45
        },
        {
            "id": 185,
            "title": "Reebok Question Mid Blue Toe (2022)",
            "price": 160,
            "image": "https://images.stockx.com/images/Reebok-Question-Mid-Blue-Toe-2022-Product.jpg?fit=fill&bg=FFFFFF&w=700&h=500&fm=webp&auto=compress&trim=color&q=90&dpr=2&updated_at=1657782277",
            "category": "Reebok",
            "stock": 2
        },
        {
            "id": 186,
            "title": "Reebok Pump Omni Zone II Celtics",
            "price": 160,
            "image": "https://images.stockx.com/images/Reebok-Pump-Omni-Zone-II-Celtics-Product.jpg?fit=fill&bg=FFFFFF&w=700&h=500&fm=webp&auto=compress&trim=color&q=90&dpr=2&updated_at=1665498767",
            "category": "Reebok",
            "stock": 36
        },
        {
            "id": 187,
            "title": "Reebok Club C JJJJound White Olive",
            "price": 150,
            "image": "https://images.stockx.com/images/Reebok-Club-C-JJJJound-White-Olive-Product.jpg?fit=fill&bg=FFFFFF&w=700&h=500&fm=webp&auto=compress&trim=color&q=90&dpr=2&updated_at=1682102836",
            "category": "Reebok",
            "stock": 5
        },
        {
            "id": 188,
            "title": "Reebok Club C 85 Vintage Chalk Essential Blue",
            "price": 85,
            "image": "https://images.stockx.com/images/Reebok-Club-C-85-Vintage-Chalk-Essential-Blue-Product.jpg?fit=fill&bg=FFFFFF&w=700&h=500&fm=webp&auto=compress&trim=color&q=90&dpr=2&updated_at=1653632299",
            "category": "Reebok",
            "stock": 13
        },
        {
            "id": 189,
            "title": "Reebok Ghost Smasher Ghostbusters",
            "price": 200,
            "image": "https://images.stockx.com/images/Reebok-Ghost-Smasher-Ghostbusters-Product.jpg?fit=fill&bg=FFFFFF&w=700&h=500&fm=webp&auto=compress&trim=color&q=90&dpr=2&updated_at=1649685173",
            "category": "Reebok",
            "stock": 18
        },
        {
            "id": 190,
            "title": "Reebok Shaq Attaq DC Man Of Steel",
            "price": 180,
            "image": "https://images.stockx.com/images/Reebok-Shaq-Attaq-DC-Man-Of-Steel-Product.jpg?fit=fill&bg=FFFFFF&w=700&h=500&fm=webp&auto=compress&trim=color&q=90&dpr=2&updated_at=1679667795",
            "category": "Reebok",
            "stock": 32
        },
        {
            "id": 191,
            "title": "Reebok Shaq Attaq Black Azure",
            "price": 180,
            "image": "https://images.stockx.com/images/Reebok-Shaq-Attaq-Black-Azure-Product.jpg?fit=fill&bg=FFFFFF&w=700&h=500&fm=webp&auto=compress&trim=color&q=90&dpr=2&updated_at=1681720259",
            "category": "Reebok",
            "stock": 5
        },
        {
            "id": 192,
            "title": "Reebok Instapump Fury Bape Multi-Camo",
            "price": 200,
            "image": "https://images.stockx.com/images/Reebok-Instapump-Fury-Bape-Multi-Camo-Product.jpg?fit=fill&bg=FFFFFF&w=700&h=500&fm=webp&auto=compress&trim=color&q=90&dpr=2&updated_at=1636568912",
            "category": "Reebok",
            "stock": 6
        },
        {
            "id": 193,
            "title": "Reebok Club C 85 Street Fighter Ryu",
            "price": 100,
            "image": "https://images.stockx.com/images/Reebok-Club-C-85-Street-Fighter-Ryu-Product.jpg?fit=fill&bg=FFFFFF&w=700&h=500&fm=webp&auto=compress&trim=color&q=90&dpr=2&updated_at=1683792226",
            "category": "Reebok",
            "stock": 43
        },
        {
            "id": 194,
            "title": "Reebok Kamikaze II OG (2020)",
            "price": 120,
            "image": "https://images.stockx.com/images/Reebok-Kamikaze-II-OG-2020-Product.jpg?fit=fill&bg=FFFFFF&w=700&h=500&fm=webp&auto=compress&trim=color&q=90&dpr=2&updated_at=1624990852",
            "category": "Reebok",
            "stock": 13
        },
        {
            "id": 195,
            "title": "Reebok Question Pump Pump Omni Lite",
            "price": 180,
            "image": "https://images.stockx.com/images/Reebok-Question-Pump-Pump-Omni-Lite.jpg?fit=fill&bg=FFFFFF&w=700&h=500&fm=webp&auto=compress&trim=color&q=90&dpr=2&updated_at=1677082720",
            "category": "Reebok",
            "stock": 37
        },
        {
            "id": 196,
            "title": "Reebok Club C Double Revenge Chalk Forest Green (Women's)",
            "price": 85,
            "image": "https://images.stockx.com/images/Reebok-Club-C-Double-Revenge-Chalk-Forest-Green-W.jpg?fit=fill&bg=FFFFFF&w=700&h=500&fm=webp&auto=compress&trim=color&q=90&dpr=2&updated_at=1669823530",
            "category": "Reebok",
            "stock": 24
        }
    ]
}